﻿{
    "options": {
        "predef": {
            "jQuery": false,
            "$": false,
            "Ext": false,
            "window": false,
            "alert": false,
            "App": false,
            "framework": false
        },
        "browser": true,
        "white": true,
        "this": true,
        "node": true
    },
    "ignore": [
        "\\app\\CaseReview\\controller\\Main.js",
        "\\app\\CaseReview\\service\\EnableDisable.js",
        "\\app\\CaseReview\\service\\ExceptionLogging.js",
        "\\app\\CaseReview\\service\\HideShow.js",
        "\\app\\CaseReview\\service\\Validations.js",
        "\\app\\CaseReview\\store\\Top.js",
        "\\app\\CaseReview\\view\\facesheet\\facesheetUI.js",
        "\\app\\CaseReview\\view\\Main.js",
        "\\app\\Common\\StringResources.js",
        "\\app\\CreateCaseReview\\",
        "\\app\\Dashboard\\",
        "\\Scripts\\jasmine\\",
        "\\Scripts\\jasmine-samples\\",
        "\\Scripts\\jquery.validate.js",
        "\\Scripts\\jquery.validate.min.js",
        "\\Scripts\\jquery.validate-vsdoc.js",
        "\\Scripts\\jquery.validate.unobtrusive.js",
        "\\Scripts\\jquery.validate.unobtrusive.min.js",
        "\\Scripts\\jquery-1.10.2.js",
        "\\Scripts\\jquery-1.10.2.min.js",
        "\\Scripts\\modernizr-2.6.2.js",
        "\\Scripts\\respond.js",
        "\\Scripts\\respond.min.js",
        "\\Scripts\\bootstrap.min.js",
        "\\Scripts\\bootstrap.js",
        "\\Scripts\\boot.js"
    ],
    "output": "Warning",
    "runOnSave": true,
    "runOnBuild": true,
    "cancelBuild": true
}
